Attempt,Response,Length,Python,Calls,Python.1,Errors,Entropy,Answer,Problem,VoteWeight
7,,83,,0,,0,0.478,0,What is $0\times10$?,2.092050209205021
8,,85,,0,,0,0.506,0,What is $0\times10$?,1.976284584980237
1,,107,,0,,0,0.624,0,What is $0\times10$?,1.6025641025641026
3,,111,,0,,0,0.735,0,What is $0\times10$?,1.3605442176870748
4,,110,,0,,0,0.704,0,Solve $4+x=4$ for $x$,1.4204545454545456
5,,162,,0,,0,0.619,0,Solve $4+x=4$ for $x$,1.6155088852988693
8,,167,,0,,0,0.915,0,Solve $4+x=4$ for $x$,1.0928961748633879
7,,168,,0,,0,0.747,0,Solve $4+x=4$ for $x$,1.3386880856760375
8,,90,,0,,0,0.783,0,What is $1-1$?,1.277139208173691
4,,109,,0,,0,0.767,0,What is $1-1$?,1.303780964797914
6,,122,,0,,0,0.674,0,What is $1-1$?,1.4836795252225519
3,,124,,0,,0,0.784,0,What is $1-1$?,1.2755102040816326
